file,status,makespan,solve_time
ossp_3j_3m_0010.json,OPTIMAL,32,0.027677300000000002
ossp_3j_3m_0031.json,OPTIMAL,25,0.009631800000000001
ossp_3j_3m_0054.json,OPTIMAL,26,0.012187
ossp_3j_4m_0028.json,OPTIMAL,38,0.011780200000000001
ossp_3j_4m_0051.json,OPTIMAL,39,0.014239400000000001
ossp_3j_4m_0062.json,OPTIMAL,51,0.0138887
ossp_3j_4m_0063.json,OPTIMAL,67,0.0179599
ossp_3j_5m_0077.json,OPTIMAL,50,0.0118703
ossp_3j_5m_0097.json,OPTIMAL,62,0.0135168
ossp_3j_6m_0004.json,OPTIMAL,51,0.013140700000000002
ossp_3j_6m_0014.json,OPTIMAL,75,0.013052800000000002
ossp_3j_6m_0018.json,OPTIMAL,64,0.012611
ossp_3j_6m_0020.json,OPTIMAL,82,0.025273900000000002
ossp_3j_6m_0056.json,OPTIMAL,79,0.013387600000000001
ossp_3j_6m_0065.json,OPTIMAL,58,0.012673400000000001
ossp_3j_6m_0074.json,OPTIMAL,53,0.0108923
ossp_3j_6m_0078.json,OPTIMAL,66,0.011721800000000001
ossp_4j_3m_0033.json,OPTIMAL,46,0.0113979
ossp_4j_3m_0048.json,OPTIMAL,34,0.0131579
ossp_4j_3m_0079.json,OPTIMAL,53,0.0128214
ossp_4j_4m_0036.json,OPTIMAL,46,0.014632200000000001
ossp_4j_4m_0049.json,OPTIMAL,54,0.0235016
ossp_4j_4m_0075.json,OPTIMAL,37,0.013634
ossp_4j_5m_0038.json,OPTIMAL,70,0.027554500000000003
ossp_4j_6m_0047.json,OPTIMAL,47,0.014704900000000002
ossp_4j_6m_0066.json,OPTIMAL,52,0.012375200000000001
ossp_4j_6m_0085.json,OPTIMAL,75,0.0140724
ossp_4j_6m_0098.json,OPTIMAL,68,0.016872
ossp_5j_3m_0035.json,OPTIMAL,58,0.012678900000000002
ossp_5j_3m_0071.json,OPTIMAL,39,0.015550500000000002
ossp_5j_3m_0088.json,OPTIMAL,58,0.012225900000000001
ossp_5j_4m_0021.json,OPTIMAL,57,0.013814300000000002
ossp_5j_4m_0037.json,OPTIMAL,52,0.012582300000000001
ossp_5j_4m_0070.json,OPTIMAL,39,0.022294900000000003
ossp_5j_4m_0073.json,OPTIMAL,48,0.020325000000000003
ossp_5j_4m_0084.json,OPTIMAL,49,0.014253100000000001
ossp_5j_5m_0011.json,OPTIMAL,74,0.016042400000000002
ossp_5j_5m_0016.json,OPTIMAL,58,0.013256200000000001
ossp_5j_5m_0032.json,OPTIMAL,77,0.028628700000000003
ossp_5j_5m_0055.json,OPTIMAL,46,0.013865400000000002
ossp_5j_5m_0061.json,OPTIMAL,54,0.026450400000000002
ossp_5j_5m_0096.json,OPTIMAL,43,0.0270401
ossp_5j_6m_0022.json,OPTIMAL,64,0.012764800000000001
ossp_5j_6m_0059.json,OPTIMAL,89,0.027588400000000003
ossp_5j_6m_0091.json,OPTIMAL,87,0.014356200000000001
ossp_6j_3m_0002.json,OPTIMAL,78,0.0269496
ossp_6j_3m_0009.json,OPTIMAL,65,0.0259961
ossp_6j_3m_0019.json,OPTIMAL,45,0.014413800000000001
ossp_6j_3m_0027.json,OPTIMAL,47,0.0122634
ossp_6j_3m_0053.json,OPTIMAL,82,0.0119742
ossp_6j_3m_0060.json,OPTIMAL,74,0.011998100000000001
ossp_6j_3m_0068.json,OPTIMAL,73,0.0218466
ossp_6j_3m_0086.json,OPTIMAL,49,0.012942100000000002
ossp_6j_4m_0015.json,OPTIMAL,88,0.013830700000000001
ossp_6j_5m_0003.json,OPTIMAL,82,0.031918
ossp_6j_5m_0008.json,OPTIMAL,64,0.024629
ossp_6j_5m_0026.json,OPTIMAL,77,0.025309900000000003
ossp_6j_5m_0072.json,OPTIMAL,72,0.026694100000000002
ossp_6j_5m_0089.json,OPTIMAL,44,0.027906700000000003
ossp_6j_6m_0012.json,OPTIMAL,69,0.028404000000000002
ossp_6j_6m_0013.json,OPTIMAL,90,0.0179578
ossp_6j_6m_0023.json,OPTIMAL,58,0.0274928
ossp_6j_6m_0046.json,OPTIMAL,50,0.0270477
ossp_7j_3m_0034.json,OPTIMAL,103,0.012211600000000001
ossp_7j_3m_0069.json,OPTIMAL,63,0.0151027
ossp_7j_3m_0093.json,OPTIMAL,58,0.013844
ossp_7j_4m_0006.json,OPTIMAL,70,0.014485300000000001
ossp_7j_4m_0043.json,OPTIMAL,60,0.0394428
ossp_7j_4m_0050.json,OPTIMAL,88,0.0230957
ossp_7j_4m_0087.json,OPTIMAL,84,0.0262843
ossp_7j_4m_0095.json,OPTIMAL,59,0.0279948
ossp_7j_4m_0100.json,OPTIMAL,78,0.0335934
ossp_7j_5m_0040.json,OPTIMAL,46,0.026625600000000003
ossp_7j_5m_0057.json,OPTIMAL,91,0.028848400000000003
ossp_7j_5m_0058.json,OPTIMAL,85,0.0284651
ossp_7j_5m_0076.json,OPTIMAL,64,0.026358200000000002
ossp_7j_5m_0083.json,OPTIMAL,61,0.0267451
ossp_7j_5m_0092.json,OPTIMAL,61,0.0265989
ossp_7j_6m_0007.json,OPTIMAL,53,0.0290964
ossp_7j_6m_0017.json,OPTIMAL,55,0.027765500000000002
ossp_7j_6m_0024.json,OPTIMAL,88,0.0289225
ossp_7j_6m_0025.json,OPTIMAL,70,0.0284352
ossp_7j_6m_0041.json,OPTIMAL,62,0.0154564
ossp_7j_6m_0045.json,OPTIMAL,74,0.029051
ossp_7j_6m_0052.json,OPTIMAL,61,0.0279988
ossp_7j_6m_0094.json,OPTIMAL,53,0.027823800000000003
ossp_8j_3m_0030.json,OPTIMAL,76,0.024114
ossp_8j_3m_0044.json,OPTIMAL,99,0.024653300000000003
ossp_8j_4m_0029.json,OPTIMAL,64,0.0228168
ossp_8j_4m_0042.json,OPTIMAL,76,0.024920900000000003
ossp_8j_4m_0064.json,OPTIMAL,53,0.022782700000000003
ossp_8j_4m_0090.json,OPTIMAL,95,0.024600700000000003
ossp_8j_5m_0001.json,OPTIMAL,105,0.029856200000000003
ossp_8j_5m_0067.json,OPTIMAL,65,0.026539800000000002
ossp_8j_5m_0081.json,OPTIMAL,111,0.028144000000000002
ossp_8j_6m_0005.json,OPTIMAL,86,0.026750000000000003
ossp_8j_6m_0039.json,OPTIMAL,86,0.030217900000000002
ossp_8j_6m_0080.json,OPTIMAL,75,0.022746500000000003
ossp_8j_6m_0082.json,OPTIMAL,85,0.022284400000000003
ossp_8j_6m_0099.json,OPTIMAL,95,0.0310161
